country;continent;year;Business_environment;Ease_starting_business;Human_capital_and_research;Infrastructure;Ease_getting_credit;University_industry_collaboration;New_business_density;Total_computer_software_spending;Creative_goods_and_services
Albania;Europa;2020;79.7;91.8;20.3;40.9;70.0;38.2;5.2;8.7;20.2
Albania;Europa;2019;79.5;91.6;22.7;46.2;70.0;38.8;4.9;9.0;30.7
Albania;Europa;2018;78.8;91.5;21.3;45.3;70.0;40.5;5.0;9.4;26.5
Algeria;Africa;2020;63.6;78.0;28.4;31.5;10.0;37.1;1.1;0.6;1.1
Algeria;Africa;2019;63.7;78.1;27.9;42.1;10.0;26.9;2.1;0.6;1.0
Algeria;Africa;2018;63.4;77.5;25.9;40.3;10.0;27.0;2.1;0.2;2.5
Argentina;Americas;2020;60.2;80.4;35.9;39.5;50.0;37.4;0.6;12.5;12.4
Argentina;Americas;2019;61.6;82.0;38.7;45.8;55.0;37.6;1.6;13.2;14.6
Argentina;Americas;2018;58.2;75.2;35.5;43.4;55.0;38.2;1.6;14.8;11.3
Armenia;Asia;2020;70.3;96.1;20.5;34.4;70.0;35.5;10.6;8.7;20.9
Armenia;Asia;2019;70.1;96.2;16.9;40.2;70.0;36.3;6.4;9.7;22.4
Armenia;Asia;2018;68.7;94.5;15.2;36.5;70.0;37.2;6.4;9.3;29.9
Australia;Oceania;2020;87.7;96.6;59.0;55.8;95.0;50.4;50.5;22.8;23.7
Australia;Oceania;2019;87.7;96.5;57.7;60.9;90.0;53.1;56.7;23.1;27.5
Australia;Oceania;2018;87.6;96.5;65.2;62.2;90.0;54.9;56.7;24.8;35.5
Austria;Europa;2020;80.3;83.2;59.7;56.5;55.0;64.1;2.1;52.3;26.7
Austria;Europa;2019;80.3;83.2;60.2;61.4;55.0;65.2;2.2;53.1;27.1
Austria;Europa;2018;80.3;83.1;61.1;62.8;55.0;63.5;2.2;55.5;38.3
Azerbaijan;Asia;2020;79.8;96.2;21.8;36.1;100.0;59.5;5.7;6.1;8.1
Azerbaijan;Asia;2019;80.0;96.1;17.0;45.3;80.0;54.2;3.8;6.3;8.7
Azerbaijan;Asia;2018;78.3;94.4;18.4;44.4;40.0;54.2;3.8;6.5;8.7
Bahrain;Asia;2020;73.9;89.6;25.2;49.0;55.0;36.8;10.8;25.7;7.9
Bahrain;Asia;2019;67.1;89.6;24.4;51.6;45.0;45.4;n/a;26.9;14.8
Bahrain;Asia;2018;66.2;87.9;27.6;54.1;45.0;45.4;n/a;31.2;19.2
Bangladesh;Asia;2020;55.3;82.4;9.0;33.9;45.0;26.4;0.0;14.7;1.2
Bangladesh;Asia;2019;54.5;80.8;8.8;40.0;25.0;26.5;0.3;14.6;0.8
Bangladesh;Asia;2018;54.2;80.7;9.1;35.5;25.0;25.7;0.3;14.1;2.7
Belarus;Europa;2020;73.2;93.5;40.9;43.2;50.0;0.0;4.6;3.3;5.1
Belarus;Europa;2019;73.0;93.4;41.6;48.2;55.0;n/a;4.0;3.6;5.0
Belarus;Europa;2018;72.1;92.9;41.9;42.2;50.0;n/a;4.0;3.2;6.0
Belgium;Europa;2020;88.2;92.3;57.8;52.2;65.0;68.7;11.7;58.0;30.3
Belgium;Europa;2019;88.5;93.0;55.0;57.2;65.0;68.7;13.6;58.9;30.9
Belgium;Europa;2018;88.0;94.4;55.7;56.5;45.0;71.1;13.6;60.9;42.9
Benin;Africa;2020;65.8;90.6;18.9;22.2;30.0;35.6;1.7;4.0;0.4
Benin;Africa;2019;65.6;90.6;21.1;27.7;30.0;30.8;n/a;4.1;0.1
Benin;Africa;2018;65.5;90.6;22.4;22.8;30.0;30.6;n/a;3.7;1.1
Bolivia;Americas;2019;53.3;64.3;26.5;35.1;35.0;27.0;2.0;23.6;11.7
Bolivia (Plurinational State of);Americas;2020;55.8;69.4;33.1;29.1;35.0;25.2;1.7;22.9;9.3
Bolivia, Plurinational State of;Americas;2018;52.6;63.0;25.5;33.9;35.0;n/a;2.0;20.5;21.9
Bosnia and Herzegovina;Europa;2020;64.1;60.0;35.0;36.8;65.0;23.7;3.7;7.3;11.6
Bosnia and Herzegovina;Europa;2019;63.7;59.6;42.0;35.3;65.0;27.2;4.1;7.3;13.2
Bosnia and Herzegovina;Europa;2018;66.6;65.9;41.4;34.5;65.0;30.0;4.1;7.0;17.0
Botswana;Africa;2020;62.2;76.2;33.6;29.4;60.0;36.9;70.2;9.2;2.1
Botswana;Africa;2019;62.1;76.2;28.2;35.2;55.0;34.7;67.2;9.5;1.6
Botswana;Africa;2018;62.0;76.2;29.8;36.8;55.0;38.0;67.2;8.9;7.2
Brazil;Americas;2020;65.9;81.3;35.8;41.8;50.0;40.0;4.4;14.1;6.5
Brazil;Americas;2019;64.4;80.2;36.0;46.8;50.0;42.5;0.5;15.0;7.0
Brazil;Americas;2018;56.3;65.0;34.9;45.1;45.0;40.3;0.5;17.9;10.0
Brunei Darussalam;Asia;2020;76.6;94.9;34.3;47.0;100.0;39.4;8.1;0.0;2.6
Brunei Darussalam;Asia;2019;75.0;94.9;33.3;50.4;100.0;37.3;9.1;n/a;3.3
Brunei Darussalam;Asia;2018;72.7;90.2;31.3;49.7;95.0;37.6;9.1;n/a;8.9
Bulgaria;Europa;2020;71.6;85.4;31.0;53.2;65.0;42.3;35.2;21.8;19.8
Bulgaria;Europa;2019;71.5;85.4;30.6;53.7;65.0;40.2;39.8;22.7;19.3
Bulgaria;Europa;2018;72.7;85.4;30.9;50.2;70.0;39.3;39.8;23.1;29.7
Burkina Faso;Africa;2020;64.5;88.2;18.1;26.4;30.0;30.2;1.0;2.4;1.7
Burkina Faso;Africa;2019;64.5;88.2;14.4;31.2;30.0;31.9;0.5;2.5;1.2
Burkina Faso;Africa;2018;64.4;88.2;16.5;26.6;30.0;n/a;0.6;2.1;0.9
Burundi;Africa;2019;62.7;94.8;17.7;14.0;10.0;33.8;n/a;6.2;2.6
Côte d'Ivoire;Africa;2020;70.8;93.7;12.2;22.4;70.0;30.8;2.5;1.1;0.9
Côte d'Ivoire;Africa;2018;69.8;91.7;13.8;24.6;30.0;n/a;n/a;0.7;2.3
Cabo Verde;Africa;2020;42.2;84.5;19.4;36.1;35.0;37.9;13.8;0.0;12.2
Cambodia;Asia;2020;50.5;52.4;11.1;23.1;80.0;36.7;2.2;2.0;7.2
Cambodia;Asia;2019;50.6;52.8;11.2;26.5;80.0;37.4;n/a;2.3;4.4
Cambodia;Asia;2018;50.1;51.9;11.5;25.3;80.0;35.8;n/a;1.9;9.9
Cameroon;Africa;2020;61.4;86.3;17.4;24.1;60.0;40.5;0.0;13.6;3.8
Cameroon;Africa;2019;61.4;86.3;18.8;29.9;60.0;38.4;n/a;14.2;10.4
Cameroon;Africa;2018;59.6;82.4;17.8;22.4;60.0;37.6;n/a;15.0;13.7
Canada;Americas;2020;89.6;98.2;51.8;53.3;85.0;65.9;0.4;60.1;24.0
Canada;Americas;2019;89.8;98.2;50.9;58.5;85.0;63.0;0.2;61.7;24.7
Canada;Americas;2018;89.8;98.2;53.7;60.2;85.0;60.0;0.2;61.3;21.2
Chile;Americas;2020;75.7;91.4;33.1;46.4;55.0;41.2;36.0;25.0;8.1
Chile;Americas;2019;74.5;89.1;32.5;51.0;55.0;43.8;32.7;25.8;10.9
Chile;Americas;2018;74.5;89.5;31.2;48.9;50.0;42.1;32.7;29.3;18.6
China;Asia;2020;78.1;94.1;49.4;52.1;60.0;56.5;0.0;33.8;39.7
China;Asia;2019;74.7;93.5;47.6;58.7;60.0;56.5;n/a;33.5;35.2
China;Asia;2018;70.7;85.5;47.8;56.8;60.0;56.5;n/a;34.0;35.1
Colombia;Americas;2020;79.2;87.0;25.9;46.4;90.0;42.6;6.9;14.3;7.8
Colombia;Americas;2019;76.4;85.3;27.0;51.3;95.0;41.9;8.3;15.1;9.9
Colombia;Americas;2018;77.7;85.3;26.7;51.4;95.0;43.2;8.3;15.1;14.4
Costa Rica;Americas;2020;57.3;79.9;30.0;41.1;85.0;42.5;9.0;24.1;31.2
Costa Rica;Americas;2019;57.2;79.9;28.5;47.0;85.0;45.1;7.7;24.8;34.8
Costa Rica;Americas;2018;58.0;81.7;28.0;46.3;85.0;43.5;7.7;22.7;27.1
Cote d'Ivoire;Africa;2019;70.8;93.7;13.6;28.1;70.0;22.1;n/a;1.1;1.1
Croatia;Europa;2020;70.9;85.3;36.5;51.1;50.0;28.3;20.4;4.5;24.2
Croatia;Europa;2019;69.4;82.6;35.6;51.6;55.0;27.7;18.1;4.6;30.1
Croatia;Europa;2018;70.8;86.4;35.9;53.8;55.0;28.8;18.1;4.2;47.9
Cyprus;Europa;2020;82.3;92.0;39.3;53.6;60.0;39.7;61.4;15.5;15.1
Cyprus;Europa;2019;83.3;91.2;35.8;55.9;60.0;39.2;60.6;15.7;22.4
Cyprus;Europa;2018;84.8;91.2;36.0;48.1;60.0;40.0;60.6;16.1;24.0
Czech Republic;Europa;2018;82.1;87.4;41.7;55.2;70.0;47.6;14.6;27.7;42.7
Czech Republic (the);Europa;2020;81.1;82.1;43.4;55.8;70.0;51.0;15.2;27.0;46.5
Czech Republic (the);Europa;2019;81.8;83.6;43.4;56.4;70.0;50.9;14.6;27.8;42.2
Denmark;Europa;2020;88.9;92.7;62.9;61.5;70.0;69.1;34.9;54.5;33.1
Denmark;Europa;2019;88.8;92.5;63.1;65.8;70.0;64.0;36.2;55.2;30.7
Denmark;Europa;2018;88.7;92.5;63.0;62.3;70.0;62.5;36.3;56.1;41.0
Dominican Republic;Americas;2018;60.4;83.2;16.7;42.0;45.0;29.6;5.4;1.4;30.3
Dominican Republic (the);Americas;2020;61.7;85.4;18.5;37.9;45.0;35.2;5.0;1.4;22.7
Dominican Republic (the);Americas;2019;60.5;83.4;18.0;44.6;45.0;31.8;5.4;1.7;16.9
Ecuador;Americas;2020;47.3;69.1;21.0;37.3;45.0;34.7;0.0;19.5;5.2
Ecuador;Americas;2019;48.0;70.6;21.1;43.4;45.0;34.5;n/a;20.1;8.1
Ecuador;Americas;2018;47.8;70.5;21.4;41.6;45.0;33.9;n/a;18.9;11.6
Egypt;Africa;2020;65.0;87.8;21.5;31.5;65.0;38.5;0.0;38.0;6.9
Egypt;Africa;2019;63.2;84.1;19.7;36.8;65.0;30.0;n/a;38.3;12.1
Egypt;Africa;2018;61.7;84.5;22.9;37.9;50.0;29.2;n/a;23.7;17.6
El Salvador;Americas;2020;62.1;78.6;16.4;31.4;80.0;27.2;1.8;3.5;5.6
El Salvador;Americas;2019;62.0;78.4;18.3;35.7;80.0;27.6;1.9;3.7;4.0
El Salvador;Americas;2018;62.3;78.9;17.3;33.9;80.0;28.3;1.9;3.7;12.7
Estonia;Europa;2020;77.7;95.4;42.3;61.2;70.0;47.6;82.5;11.7;36.5
Estonia;Europa;2019;78.9;95.3;42.1;61.5;70.0;46.4;75.9;12.5;38.6
Estonia;Europa;2018;80.4;95.2;41.5;60.2;70.0;48.2;75.9;12.7;55.8
Ethiopia;Africa;2020;51.0;71.7;9.3;27.3;15.0;39.6;1.7;0.0;8.7
Ethiopia;Africa;2019;50.7;70.8;10.6;35.6;15.0;43.9;n/a;0.0;14.2
Finland;Europa;2020;93.1;93.5;61.5;59.9;60.0;75.8;14.9;48.4;24.4
Finland;Europa;2019;92.6;92.4;63.4;62.1;65.0;74.7;14.4;49.3;24.7
Finland;Europa;2018;93.0;93.2;64.2;62.0;65.0;77.4;14.4;52.7;32.4
France;Europa;2020;83.9;93.1;56.2;57.7;50.0;58.5;16.8;54.6;28.4
France;Europa;2019;83.7;93.3;55.8;62.3;50.0;54.6;6.7;55.4;26.6
France;Europa;2018;83.6;93.3;56.8;62.9;50.0;53.7;6.7;57.3;36.7
Georgia;Europa;2020;77.9;99.6;31.6;37.4;85.0;32.0;36.1;8.5;11.7
Georgia;Europa;2019;77.7;99.3;30.5;44.7;85.0;32.0;30.6;8.3;16.9
Georgia;Europa;2018;76.7;97.8;30.0;42.5;85.0;29.3;30.6;7.9;19.5
Germany;Europa;2020;86.7;83.7;61.1;58.0;70.0;70.7;4.6;47.9;27.6
Germany;Europa;2019;86.8;83.6;63.2;62.0;70.0;72.8;4.8;49.0;26.3
Germany;Europa;2018;86.9;83.5;58.7;60.5;70.0;72.9;4.8;51.5;33.7
Ghana;Africa;2020;55.2;85.0;17.2;32.5;60.0;48.2;2.9;0.6;10.0
Ghana;Africa;2019;54.6;84.3;19.2;35.0;60.0;47.3;3.3;0.9;5.1
Ghana;Africa;2018;54.4;84.0;20.6;32.1;65.0;41.2;3.3;0.5;1.1
Greece;Europa;2020;74.6;96.0;49.9;49.9;45.0;27.9;4.8;52.9;23.4
Greece;Europa;2019;73.9;92.4;49.5;51.7;50.0;25.6;2.8;53.4;22.5
Greece;Europa;2018;74.0;92.3;53.2;47.0;50.0;25.8;2.8;54.3;28.7
Guatemala;Americas;2020;57.2;86.8;10.8;25.9;85.0;37.7;1.7;0.9;3.2
Guatemala;Americas;2019;57.1;86.7;11.1;30.6;80.0;41.6;2.0;1.0;2.9
Guatemala;Americas;2018;53.4;79.3;10.7;32.5;80.0;40.1;2.0;0.7;7.7
Guinea;Africa;2020;61.5;84.5;6.1;16.9;30.0;68.5;1.3;2.9;2.7
Guinea;Africa;2019;61.5;83.9;6.5;27.0;30.0;67.2;0.5;3.6;1.2
Guinea;Africa;2018;60.5;81.8;7.3;26.4;30.0;67.2;0.5;3.3;6.3
Honduras;Americas;2020;52.0;71.4;18.6;27.2;80.0;37.9;0.0;20.8;2.0
Honduras;Americas;2019;54.6;77.1;18.3;32.5;85.0;37.9;n/a;21.6;2.4
Honduras;Americas;2018;54.5;77.0;18.1;30.8;85.0;34.0;n/a;21.5;1.7
Hong Kong (China);Asia;2018;81.9;98.1;47.5;68.9;75.0;65.4;100.0;31.6;44.9
Hong Kong, China;Asia;2020;81.9;98.2;47.6;59.1;75.0;65.8;100.0;31.9;64.4
Hong Kong, China;Asia;2019;81.9;98.2;46.1;67.9;75.0;66.4;100.0;32.0;70.5
Hungary;Europa;2020;71.6;88.2;41.4;52.4;75.0;44.2;12.9;26.7;37.6
Hungary;Europa;2019;71.5;87.9;41.0;52.7;75.0;44.4;12.4;27.5;31.6
Hungary;Europa;2018;71.2;87.6;41.2;49.6;75.0;40.5;12.4;27.3;35.1
Iceland;Europa;2020;86.3;90.6;46.1;52.8;55.0;59.1;34.5;27.5;29.5
Iceland;Europa;2019;86.3;90.7;45.4;59.2;60.0;59.7;44.4;25.6;30.9
Iceland;Europa;2018;86.1;90.7;46.0;58.5;60.0;62.4;44.4;24.9;32.6
India;Asia;2020;71.8;81.6;31.6;38.1;80.0;47.7;0.3;19.8;18.7
India;Asia;2019;60.9;81.0;33.5;43.0;80.0;60.1;0.4;20.0;15.2
India;Asia;2018;58.1;75.4;32.8;40.4;75.0;57.3;0.4;19.4;22.4
Indonesia;Asia;2020;74.6;81.2;21.0;37.7;70.0;53.5;1.0;29.2;12.9
Indonesia;Asia;2019;74.6;81.2;21.3;44.2;70.0;53.8;1.2;28.9;13.9
Indonesia;Asia;2018;72.8;77.9;21.3;39.8;65.0;55.3;1.2;29.8;26.4
Iran (Islamic Republic of);Asia;2020;51.4;67.8;36.6;39.7;50.0;28.7;1.3;21.2;2.5
Iran (Islamic Republic of);Asia;2019;51.7;67.8;37.6;46.0;50.0;33.6;n/a;21.7;1.4
Iran, Islamic Republic of;Asia;2018;54.5;85.2;36.7;38.3;50.0;36.3;n/a;20.5;7.7
Ireland;Europa;2020;86.8;94.4;48.5;59.2;70.0;67.3;24.8;71.6;21.2
Ireland;Europa;2019;87.5;95.9;48.4;66.3;70.0;69.9;24.5;72.1;18.4
Ireland;Europa;2018;87.5;95.9;53.8;66.7;70.0;67.4;24.5;74.2;27.4
Israel;Asia;2020;83.4;94.1;55.1;51.1;70.0;78.5;11.3;21.4;30.8
Israel;Asia;2019;82.5;92.3;54.5;56.1;65.0;79.4;12.6;22.3;28.4
Israel;Asia;2018;82.5;92.3;55.3;58.6;65.0;78.1;12.6;23.6;40.9
Italy;Europa;2020;82.1;86.8;43.7;56.6;45.0;50.0;10.2;52.5;22.1
Italy;Europa;2019;83.4;89.5;45.4;59.4;45.0;49.5;9.7;53.4;21.7
Italy;Europa;2018;83.2;89.4;44.9;61.5;45.0;46.5;9.7;55.2;29.3
Jamaica;Africa;2020;83.7;97.4;22.6;26.4;85.0;44.8;5.4;32.1;2.2
Jamaica;Africa;2019;83.6;97.3;24.4;33.7;85.0;47.1;4.8;33.0;12.4
Jamaica;Africa;2018;83.3;97.3;23.1;31.6;80.0;42.0;4.8;32.6;2.4
Japan;Asia;2020;88.2;86.1;47.3;60.0;55.0;62.4;1.2;24.5;30.0
Japan;Asia;2019;89.8;86.1;49.1;64.0;55.0;64.5;0.5;24.7;30.9
Japan;Asia;2018;88.9;84.4;54.3;64.0;55.0;62.3;0.6;23.0;40.3
Jordan;Asia;2020;62.1;84.5;27.2;32.8;95.0;44.5;1.7;23.5;14.3
Jordan;Asia;2019;57.4;84.4;29.4;38.2;35.0;40.6;2.2;24.4;23.1
Jordan;Asia;2018;57.5;84.4;31.0;40.4;25.0;41.2;2.2;22.0;27.8
Kazakhstan;Asia;2020;80.6;94.4;29.7;40.8;80.0;40.9;6.9;1.2;6.6
Kazakhstan;Asia;2019;80.4;93.0;29.8;46.1;65.0;40.5;8.2;1.4;6.8
Kazakhstan;Asia;2018;79.7;92.0;29.1;45.4;55.0;39.1;8.2;0.9;8.2
Kenya;Africa;2020;72.6;82.7;15.8;25.5;95.0;51.5;5.1;12.9;17.3
Kenya;Africa;2019;69.9;82.4;17.5;29.6;90.0;55.1;3.1;13.6;30.6
Kenya;Africa;2018;63.2;83.2;14.6;33.5;75.0;54.9;3.1;13.7;36.7
Korea, Republic of;Asia;2018;92.6;95.8;65.3;62.7;65.0;57.0;9.4;21.1;30.6
Kuwait;Asia;2020;63.8;88.4;31.0;44.7;45.0;44.6;20.5;32.3;5.7
Kuwait;Asia;2019;60.3;81.4;25.5;50.2;35.0;40.2;n/a;32.8;4.6
Kuwait;Asia;2018;58.3;77.2;25.5;49.8;35.0;30.9;n/a;31.2;10.6
Kyrgyzstan;Asia;2020;71.5;93.0;29.0;32.3;85.0;28.9;4.3;7.4;4.3
Kyrgyzstan;Asia;2019;70.3;93.0;31.7;38.8;75.0;27.6;4.6;8.2;5.5
Kyrgyzstan;Asia;2018;65.3;92.9;29.9;36.0;75.0;25.5;4.7;7.5;10.9
Lao People's Democratic Republic (the);Asia;2020;31.3;62.7;14.6;23.7;60.0;44.4;0.0;0.0;26.8
Latvia;Europa;2020;77.0;94.1;37.3;47.0;85.0;49.5;27.9;9.1;42.1
Latvia;Europa;2019;76.9;94.1;36.9;50.5;85.0;38.3;29.4;9.3;46.9
Latvia;Europa;2018;76.6;94.1;34.4;50.2;85.0;34.5;29.4;9.3;61.3
Lebanon;Asia;2020;53.6;78.2;24.7;31.6;40.0;43.2;0.0;3.8;15.6
Lebanon;Asia;2019;54.1;78.6;25.3;37.1;40.0;41.1;n/a;4.0;34.6
Lebanon;Asia;2018;53.8;78.2;26.6;38.5;40.0;43.7;n/a;3.5;16.7
Lithuania;Europa;2020;70.0;93.3;36.9;51.3;70.0;53.4;11.5;6.0;19.0
Lithuania;Europa;2019;70.0;93.2;36.3;51.7;70.0;51.4;12.2;6.2;20.8
Lithuania;Europa;2018;71.2;93.0;36.2;54.6;70.0;50.9;12.2;6.1;30.5
Luxembourg;Europa;2020;67.2;88.8;38.6;54.9;15.0;69.4;60.1;15.5;43.2
Luxembourg;Europa;2019;67.1;88.7;41.7;58.7;15.0;68.2;56.1;16.1;38.6
Luxembourg;Europa;2018;67.1;88.8;38.6;58.8;15.0;63.6;56.1;16.2;41.7
Madagascar;Africa;2020;61.6;88.5;13.6;18.8;40.0;32.3;0.3;1.9;2.3
Madagascar;Africa;2019;61.2;88.1;15.3;22.6;40.0;n/a;0.3;2.1;14.3
Madagascar;Africa;2018;61.0;87.8;15.4;22.3;35.0;38.9;0.3;1.5;5.6
Malawi;Africa;2020;56.4;77.9;10.5;17.4;90.0;31.0;0.2;2.6;6.6
Malawi;Africa;2019;55.2;77.2;10.8;23.5;90.0;28.7;0.3;3.1;10.0
Malawi;Africa;2018;54.9;76.4;11.3;26.3;90.0;28.4;0.3;2.7;13.6
Malaysia;Asia;2020;75.2;83.3;46.0;46.4;75.0;68.3;8.1;30.3;40.9
Malaysia;Asia;2019;75.0;82.8;44.2;51.8;75.0;72.0;8.3;30.9;37.1
Malaysia;Asia;2018;73.2;83.8;45.3;50.4;80.0;69.6;8.3;30.3;41.7
Mali;Africa;2020;63.8;84.3;11.6;19.8;30.0;40.2;1.0;2.4;0.9
Mali;Africa;2019;63.8;84.0;10.7;27.5;30.0;39.8;n/a;2.5;0.2
Mali;Africa;2018;63.8;84.5;11.8;25.6;30.0;38.7;n/a;2.1;0.8
Malta;Europa;2020;63.3;88.2;33.6;54.4;35.0;45.1;61.1;29.1;45.6
Malta;Europa;2019;61.5;84.9;36.6;61.1;35.0;48.8;65.4;30.9;54.2
Malta;Europa;2018;61.5;84.8;38.8;65.8;30.0;50.0;65.4;32.2;45.2
Mauritius;Africa;2020;84.1;94.5;29.6;41.0;65.0;30.8;32.3;14.6;21.2
Mauritius;Africa;2019;81.7;94.3;27.1;44.2;65.0;35.7;35.8;15.1;21.3
Mauritius;Africa;2018;80.5;92.0;27.6;44.9;65.0;36.6;35.8;14.4;27.0
Mexico;Americas;2020;78.2;86.1;32.1;43.0;90.0;42.1;3.4;19.1;36.7
Mexico;Americas;2019;78.4;85.9;33.4;48.3;90.0;43.7;2.0;19.6;32.1
Mexico;Americas;2018;79.1;85.8;33.8;48.0;90.0;43.6;2.0;19.4;31.1
Moldova, Republic of;Asia;2018;73.2;93.8;29.8;39.9;70.0;28.3;6.4;9.7;13.2
Mongolia;Asia;2020;58.4;86.7;26.0;35.6;80.0;30.4;19.3;11.1;30.4
Mongolia;Asia;2019;58.1;86.9;24.6;41.0;80.0;26.6;23.1;11.9;33.4
Mongolia;Europa;2018;66.8;90.1;24.8;41.4;80.0;26.1;23.1;12.5;30.4
Montenegro;Europa;2020;76.4;86.7;33.5;46.0;85.0;45.3;39.4;33.7;23.8
Montenegro;Europa;2019;76.3;86.7;33.0;48.8;85.0;41.6;24.5;34.3;35.8
Montenegro;Africa;2018;79.4;90.1;33.4;47.8;85.0;36.8;24.5;35.5;35.0
Morocco;Africa;2020;73.0;93.0;25.9;39.3;45.0;29.2;6.5;21.1;5.1
Morocco;Africa;2019;72.9;93.0;27.8;48.0;45.0;31.2;6.0;21.7;5.6
Morocco;Africa;2018;63.3;92.5;25.1;49.5;45.0;33.4;6.0;20.7;7.4
Mozambique;Africa;2020;58.5;69.3;16.1;37.0;25.0;34.0;0.0;1.8;2.2
Mozambique;Africa;2019;57.2;67.6;17.4;33.6;25.0;37.2;n/a;1.9;1.9
Mozambique;Africa;2018;64.0;79.9;16.9;32.0;25.0;37.2;n/a;1.8;2.4
Myanmar;Asia;2020;54.9;89.3;16.1;25.0;10.0;0.0;1.2;0.0;7.3
Namibia;Africa;2020;54.6;72.2;13.6;26.4;60.0;43.1;3.9;9.9;3.4
Namibia;Africa;2019;53.0;69.1;13.9;34.9;60.0;37.5;3.1;10.0;2.8
Namibia;Asia;2018;53.0;68.9;38.8;35.8;60.0;38.0;3.1;8.9;9.0
Nepal;Asia;2020;64.4;81.7;13.6;38.0;75.0;32.8;4.6;1.4;4.0
Nepal;Asia;2019;65.8;84.4;12.9;42.2;50.0;30.1;3.6;1.6;4.0
Nepal;Europa;2018;66.1;84.0;11.4;34.0;50.0;29.5;3.6;1.1;9.0
Netherlands;Oceania;2018;89.3;94.3;56.5;62.4;45.0;76.1;22.2;58.1;44.6
Netherlands (the);Europa;2020;89.4;94.3;55.3;57.4;45.0;74.4;22.3;55.7;38.6
Netherlands (the);Europa;2019;89.3;94.3;52.4;61.8;45.0;75.5;22.2;56.7;37.1
New Zealand;Oceania;2020;84.7;100.0;54.4;57.7;100.0;59.5;62.3;22.0;21.5
New Zealand;Oceania;2019;85.9;100.0;52.6;60.9;100.0;62.7;53.0;22.5;24.8
New Zealand;Americas;2018;85.9;100.0;54.3;59.4;100.0;63.9;53.0;24.7;29.5
Nicaragua;Americas;2019;60.5;79.8;11.7;33.6;50.0;27.1;n/a;5.3;2.1
Niger;Africa;2018;66.4;93.7;21.5;26.5;30.0;n/a;n/a;2.5;23.1
Niger (the);Africa;2020;65.4;91.5;9.5;19.6;70.0;0.0;0.2;2.7;1.2
Niger (the);Africa;2019;66.6;93.7;9.9;25.5;30.0;n/a;0.0;2.8;1.3
Nigeria;Africa;2020;58.4;86.2;11.2;21.3;85.0;26.4;2.8;9.5;9.7
Nigeria;Africa;2019;56.7;83.0;11.3;26.6;85.0;23.7;2.8;9.9;10.8
Nigeria;Africa;2018;55.7;80.8;12.9;26.5;90.0;25.3;2.8;10.3;10.6
North Macedonia;Europa;2020;80.7;88.6;29.1;46.4;80.0;30.2;12.6;12.1;16.7
North Macedonia;Europa;2019;82.4;92.1;26.4;44.9;85.0;29.2;14.2;12.5;21.0
Norway;Europa;2020;89.9;94.3;55.1;64.6;55.0;61.7;30.0;50.7;28.7
Norway;Europa;2019;89.9;94.3;53.9;69.9;55.0;61.7;29.8;51.8;28.5
Norway;Europa;2018;90.1;94.3;53.3;67.5;55.0;63.3;29.8;53.7;22.0
Oman;Asia;2020;68.7;93.5;38.1;44.5;35.0;50.7;4.8;4.6;6.4
Oman;Asia;2019;67.6;92.9;43.3;51.3;35.0;51.0;7.7;4.0;6.2
Oman;Asia;2018;67.6;92.8;40.3;48.3;35.0;43.4;7.7;4.2;8.0
Pakistan;Asia;2020;74.1;89.3;12.2;23.3;45.0;47.7;0.2;23.2;0.8
Pakistan;Asia;2019;70.9;81.9;12.5;27.3;45.0;44.5;0.2;23.4;2.0
Pakistan;Asia;2018;62.2;78.6;12.2;26.9;45.0;41.5;0.2;21.3;1.4
Panama;Americas;2020;65.8;92.0;18.3;46.8;80.0;36.6;16.8;15.2;27.2
Panama;Americas;2019;65.8;92.1;20.2;57.2;80.0;35.5;3.1;16.0;32.2
Panama;Americas;2018;65.8;92.0;19.9;52.2;75.0;38.5;3.1;17.8;38.9
Paraguay;Americas;2020;59.0;76.0;18.7;34.8;40.0;23.3;0.7;3.9;5.8
Paraguay;Americas;2019;59.4;77.5;22.0;38.4;40.0;26.4;0.5;3.7;9.1
Paraguay;Americas;2018;59.4;77.5;22.8;38.7;40.0;26.2;0.5;3.9;13.3
Peru;Americas;2020;64.3;82.1;32.3;39.7;75.0;30.9;13.0;17.7;10.1
Peru;Americas;2019;64.1;82.4;30.4;46.7;75.0;31.9;13.3;18.5;17.5
Peru;Americas;2018;64.5;83.4;20.0;43.2;80.0;32.0;13.3;20.4;19.6
Philippines;Asia;2020;63.2;71.3;23.9;41.1;40.0;57.5;0.9;22.6;29.3
Philippines;Asia;2019;63.6;72.0;24.6;48.5;5.0;57.5;1.2;22.7;26.6
Philippines;Asia;2018;62.0;68.9;24.6;43.6;30.0;42.1;1.2;20.4;7.5
Poland;Europa;2020;79.7;82.9;41.6;49.4;75.0;37.2;4.9;25.1;31.8
Poland;Europa;2019;79.7;82.8;41.2;53.8;75.0;35.1;6.1;25.8;27.2
Poland;Europa;2018;80.3;82.8;36.9;51.0;75.0;37.1;6.1;25.8;36.7
Portugal;Europa;2020;85.5;90.9;47.2;54.2;45.0;53.6;22.6;55.8;20.8
Portugal;Europa;2019;85.5;90.9;47.7;56.8;45.0;54.5;18.3;56.7;21.4
Portugal;Europa;2018;85.5;91.3;47.1;53.0;45.0;53.2;18.3;58.6;31.4
Qatar;Asia;2020;62.0;86.1;25.4;53.6;45.0;66.1;21.8;29.3;23.1
Qatar;Asia;2019;62.9;87.7;28.9;58.0;40.0;64.8;6.2;29.7;13.1
Qatar;Asia;2018;62.2;86.0;35.7;58.0;35.0;69.1;6.2;26.8;19.8
Republic of Korea (the);Asia;2020;88.1;93.4;65.2;57.7;65.0;57.4;8.8;20.7;34.6
Republic of Korea (the);Asia;2019;89.4;95.8;66.5;61.6;65.0;56.5;9.4;21.1;25.7
Republic of Moldova (the);Europa;2020;75.2;95.7;27.9;35.4;70.0;28.7;6.4;7.1;9.0
Republic of Moldova (the);Europa;2019;74.8;95.5;30.4;39.4;70.0;29.1;6.4;9.1;10.5
Romania;Europa;2020;73.4;87.7;27.7;51.9;80.0;40.9;25.5;24.7;14.9
Romania;Europa;2019;71.9;83.9;29.1;54.5;80.0;38.7;20.5;25.5;14.7
Romania;Asia;2018;74.7;89.7;30.4;52.5;80.0;35.7;20.5;25.9;25.4
Russian Federation;Europa;2018;75.4;93.0;48.4;45.2;75.0;47.6;15.9;23.8;13.3
Russian Federation (the);Asia;2020;76.1;93.1;45.6;42.4;80.0;46.8;11.3;19.9;9.1
Russian Federation (the);Asia;2019;75.8;93.0;48.3;47.1;80.0;49.6;15.9;20.6;9.8
Rwanda;Africa;2020;75.2;93.2;14.7;33.2;95.0;38.1;5.2;3.5;3.9
Rwanda;Africa;2019;74.3;91.4;17.8;40.0;95.0;41.5;7.1;3.8;1.5
Rwanda;Europa;2018;67.7;87.7;15.8;36.8;90.0;42.1;7.1;3.4;4.0
Saudi Arabia;Asia;2020;46.6;93.1;43.9;43.7;60.0;52.8;1.6;29.9;8.3
Saudi Arabia;Asia;2019;40.0;80.1;45.5;48.9;45.0;48.0;1.6;31.0;11.7
Saudi Arabia;Asia;2018;40.0;80.0;47.7;49.4;50.0;44.6;1.6;30.3;18.3
Senegal;Africa;2020;67.7;91.2;16.2;27.5;65.0;37.9;1.5;25.9;8.7
Senegal;Africa;2019;67.1;89.9;20.6;31.1;30.0;39.8;1.5;26.4;9.0
Senegal;Africa;2018;66.9;89.7;25.2;31.3;30.0;42.6;1.5;25.9;9.4
Serbia;Europa;2020;78.1;89.3;31.7;48.6;65.0;39.6;6.5;3.2;19.0
Serbia;Europa;2019;76.7;92.6;32.4;49.9;65.0;38.5;6.4;3.5;22.7
Serbia;Asia;2018;76.5;92.6;32.2;49.6;65.0;36.1;6.4;3.3;24.4
Singapore;Asia;2020;86.3;98.2;59.5;57.9;75.0;71.3;34.9;25.5;37.6
Singapore;Asia;2019;86.3;98.2;63.0;65.4;75.0;70.0;31.5;26.2;32.2
Singapore;Africa;2018;85.4;96.5;73.3;65.8;75.0;71.3;31.5;27.5;39.4
Slovakia;Europa;2020;75.1;84.8;31.2;52.5;70.0;36.0;18.3;26.6;44.6
Slovakia;Europa;2019;74.5;82.0;32.4;54.2;70.0;38.3;17.2;27.5;41.0
Slovakia;Europa;2018;76.5;87.0;31.9;53.3;65.0;38.7;17.2;28.2;40.2
Slovenia;Europa;2020;88.7;93.0;47.2;52.5;45.0;49.1;10.7;7.5;23.5
Slovenia;Europa;2019;88.3;92.9;46.6;53.9;45.0;47.1;11.4;7.6;27.3
Slovenia;Asia;2018;87.6;91.5;46.7;53.6;45.0;46.1;11.4;7.4;38.2
South Africa;Africa;2020;67.9;81.2;29.4;37.9;60.0;54.7;35.6;23.6;7.3
South Africa;Africa;2019;67.9;81.2;30.4;41.1;60.0;54.2;37.4;24.7;6.9
South Africa;Europa;2018;68.8;80.0;30.5;39.4;60.0;56.3;37.4;27.1;13.2
Spain;Europa;2020;83.1;86.9;46.5;60.1;60.0;41.0;10.6;61.1;20.0
Spain;Europa;2019;83.0;86.9;47.0;63.1;60.0;42.2;11.8;61.6;21.2
Spain;Europa;2018;82.7;86.7;47.5;62.8;60.0;41.0;11.8;63.5;28.2
Sri Lanka;Asia;2020;66.6;88.2;12.2;37.9;40.0;40.2;2.5;29.7;11.2
Sri Lanka;Asia;2019;66.5;87.9;14.0;48.5;40.0;37.9;1.9;29.5;18.8
Sri Lanka;Africa;2018;66.4;87.7;15.0;47.6;40.0;43.1;1.9;26.8;19.9
Sweden;Europa;2020;86.3;93.1;62.4;64.6;60.0;71.0;25.0;54.8;31.9
Sweden;Europa;2019;87.1;94.7;62.1;69.1;55.0;71.8;29.6;55.4;31.8
Sweden;Europa;2018;87.1;94.7;62.2;67.1;55.0;70.7;29.6;55.8;39.8
Switzerland;Europa;2020;75.5;88.4;60.7;62.0;65.0;77.5;15.7;67.4;51.1
Switzerland;Europa;2019;75.5;88.4;61.9;68.2;60.0;79.1;15.8;68.5;45.5
Switzerland;Asia;2018;75.5;88.4;64.0;65.3;60.0;79.5;15.8;68.7;55.2
Tajikistan;Asia;2020;60.8;93.2;22.8;21.8;90.0;49.0;0.4;6.2;8.6
Tajikistan;Asia;2019;60.8;90.7;24.0;29.8;40.0;46.5;0.7;6.9;16.5
Tajikistan;Europa;2018;59.6;90.5;24.3;21.3;40.0;55.2;0.7;6.3;26.7
Tanzania, United Republic of;Europa;2018;56.3;73.0;10.5;32.8;65.0;41.7;n/a;n/a;22.7
TFYR Macedonia;Asia;2018;83.2;93.9;27.3;39.6;85.0;n/a;14.2;12.3;25.3
Thailand;Asia;2020;84.6;92.4;29.9;40.1;70.0;54.1;3.8;20.7;37.9
Thailand;Asia;2019;84.7;92.7;34.7;43.6;70.0;52.2;3.6;21.3;33.5
Thailand;Asia;2018;84.0;92.3;32.5;42.3;70.0;48.6;3.6;23.2;37.1
Togo;Africa;2020;71.1;95.1;16.0;24.3;70.0;0.0;1.9;6.1;9.6
Togo;Africa;2019;67.7;88.7;16.0;29.8;30.0;n/a;1.0;6.6;9.9
Togo;Africa;2018;64.5;82.5;15.4;25.9;30.0;n/a;0.9;6.6;4.5
Trinidad and Tobago;Americas;2020;68.5;88.6;30.0;34.1;65.0;32.3;0.0;0.0;1.8
Trinidad and Tobago;Americas;2019;68.5;88.6;20.5;37.5;65.0;29.7;n/a;n/a;4.9
Trinidad and Tobago;Americas;2018;68.5;88.6;20.5;34.6;65.0;29.7;n/a;n/a;3.3
Tunisia;Africa;2020;74.4;94.6;40.7;38.2;50.0;35.7;5.8;27.7;14.4
Tunisia;Africa;2019;72.2;90.2;44.4;44.2;50.0;38.2;6.1;28.3;10.5
Tunisia;Africa;2018;69.8;85.0;43.2;43.1;45.0;32.8;6.1;25.7;24.8
Turkey;Asia;2020;63.6;88.8;38.4;45.0;75.0;40.6;5.3;43.2;17.2
Turkey;Asia;2019;64.5;88.2;36.3;52.2;75.0;37.0;4.3;44.7;17.8
Turkey;Asia;2018;60.4;87.6;35.8;49.3;55.0;41.1;4.3;42.0;23.6
Uganda;Africa;2020;57.5;71.4;8.5;29.7;60.0;42.9;2.9;0.9;1.3
Uganda;Africa;2019;56.1;72.3;13.4;36.6;60.0;42.6;2.6;0.9;4.5
Uganda;Africa;2018;55.6;72.3;14.5;38.3;65.0;43.2;2.6;0.4;3.5
Ukraine;Europa;2020;61.2;91.1;40.5;33.1;75.0;45.5;5.7;47.0;6.6
Ukraine;Europa;2019;61.4;91.1;35.6;36.0;75.0;41.3;5.6;47.3;8.8
Ukraine;Europa;2018;59.6;91.0;37.9;38.1;75.0;39.8;5.6;53.3;11.8
United Arab Emirates;Asia;2018;70.5;91.2;46.5;57.4;50.0;57.9;9.6;23.2;24.8
United Arab Emirates (the);Asia;2020;72.0;94.8;54.6;57.5;70.0;59.9;10.5;23.5;53.8
United Arab Emirates (the);Asia;2019;71.9;94.1;52.4;59.4;70.0;55.7;9.6;24.2;35.9
United Kingdom;Europa;2018;87.4;94.6;61.3;65.8;75.0;73.1;57.6;66.7;57.0
United Kingdom (the);Europa;2020;87.4;94.6;58.0;60.3;75.0;69.0;54.7;63.0;41.6
United Kingdom (the);Europa;2019;87.4;94.6;59.3;64.4;75.0;72.7;57.6;63.7;40.4
United Republic of Tanzania (the);Africa;2020;56.7;74.4;9.5;28.4;65.0;47.7;0.5;0.4;23.0
United Republic of Tanzania (the);Africa;2019;55.8;72.7;10.0;33.2;65.0;45.7;n/a;0.5;13.9
United States of America;Americas;2018;91.2;91.2;51.3;58.8;95.0;78.4;n/a;100.0;51.0
United States of America (the);Americas;2020;91.0;91.6;56.3;54.7;95.0;75.7;0.0;100.0;44.2
United States of America (the);Americas;2019;91.1;91.2;55.7;59.2;95.0;80.9;n/a;100.0;43.8
Uruguay;Americas;2020;71.6;89.6;29.3;46.2;60.0;36.2;4.3;16.6;14.9
Uruguay;Americas;2019;71.4;89.8;28.7;51.0;60.0;34.9;7.6;17.5;16.6
Uruguay;Americas;2018;71.0;89.8;28.6;50.6;60.0;38.4;7.6;18.3;15.3
Uzbekistan;Asia;2020;69.8;96.2;27.5;38.5;65.0;0.0;5.6;0.0;11.2
Viet Nam;Asia;2020;61.6;85.1;26.0;38.4;80.0;42.0;3.8;26.8;27.7
Viet Nam;Asia;2019;59.9;84.8;31.1;42.0;75.0;38.6;n/a;27.0;28.8
Viet Nam;Asia;2018;58.6;82.0;30.0;40.4;75.0;41.7;n/a;24.9;35.1
Yemen;Asia;2020;51.9;76.8;10.4;17.1;0.0;17.7;0.0;2.9;0.0
Yemen;Asia;2019;46.5;67.0;12.5;21.5;0.0;19.5;n/a;3.0;0.0
Yemen;Asia;2018;49.4;72.7;13.7;21.2;n/a;22.2;n/a;1.8;n/a
Zambia;Africa;2020;67.1;84.9;15.0;27.4;95.0;30.2;3.8;2.7;0.3
Zambia;Africa;2019;63.7;85.1;1.4;36.6;95.0;31.6;4.1;2.5;2.5
Zambia;Africa;2018;64.9;84.9;1.4;35.0;95.0;37.8;4.1;1.8;1.5
Zimbabwe;Africa;2020;52.4;72.0;20.9;16.4;65.0;29.0;7.3;36.2;15.2
Zimbabwe;Africa;2019;45.9;66.5;27.8;21.7;55.0;26.7;n/a;36.9;4.0
Zimbabwe;Africa;2018;42.8;59.3;27.0;20.3;45.0;25.6;n/a;38.4;9.0
